#;Nome;Fuori lista;Sq.;Under;R.;R.MANTRA;PGv;MV;FM;FVM/1000;QUOT.;FantaSquadra;Costo
2764;Martinez L.;;Inter;28;A;Pc;0;0;0;380;34;;
2097;Kean;;Fiorentina;25;A;Pc;0;0;0;375;33;;
4871;Thuram;;Inter;28;A;Pc;0;0;0;310;29;;
5544;David;;Juventus;25;A;Pc;0;0;0;278;27;;
7008;Gimenez;;Milan;24;A;Pc;0;0;0;254;25;;
309;Dybala;;Roma;32;A;A;0;0;0;247;26;;
4510;Leao;;Milan;26;A;A;0;0;0;242;24;;
6434;Yildiz;;Juventus;20;A;A;0;0;0;235;24;;
2167;Orsolini;;Bologna;28;C;W/A;0;0;0;220;30;;
2423;Pulisic;;Milan;27;C;T/A;0;0;0;216;28;;
632;Zaccagni;;Lazio;30;C;W/A;0;0;0;205;26;;
4777;McTominay;;Napoli;29;C;C/T;0;0;0;201;26;;
2531;Lukaku;;Napoli;32;A;Pc;0;0;0;200;31;;
5800;Gudmundsson A.;;Fiorentina;28;C;T/A;0;0;0;177;24;;
5995;De Ketelaere;;Atalanta;24;A;A;0;0;0;170;22;;
6226;Castellanos;;Lazio;27;A;Pc;0;0;0;155;21;;
6675;Dovbyk;;Roma;28;A;Pc;0;0;0;152;21;;
2194;Calhanoglu;;Inter;31;C;M/C;0;0;0;152;23;;
2517;De Bruyne;;Napoli;34;C;T;0;0;0;147;23;;
531;Berardi;;Sassuolo;31;A;A;0;0;0;145;21;;
5672;Dia;;Lazio;29;A;Pc;0;0;0;141;20;;
785;Immobile;;Bologna;35;A;Pc;0;0;0;140;19;;
6435;Krstovic;;Lecce;25;A;Pc;0;0;0;138;20;;
6365;Ferguson E.;;Roma;21;A;Pc;0;0;0;137;19;;
6572;Castro S.;;Bologna;21;A;Pc;0;0;0;128;19;;
5734;Soulè;;Roma;22;A;A;0;0;0;122;20;;
6215;Lucca;;Napoli;25;A;Pc;0;0;0;121;15;;
6875;Paz N.;;Como;21;C;T/A;0;0;0;119;20;;
2137;Scamacca;;Atalanta;26;A;Pc;0;0;0;114;19;;
4730;Lookman;;Atalanta;28;A;A;0;0;0;100;29;;
5513;Dumfries;;Inter;29;D;E;0;0;0;100;20;;
2841;Vlahovic;;Juventus;25;A;Pc;0;0;0;99;24;;
254;Dimarco;;Inter;28;D;E;0;0;0;96;19;;
6967;Diao;;Como;20;A;W/A;0;0;0;95;17;;
7120;Lang;;Napoli;26;A;A;0;0;0;94;19;;
572;Meret;;Napoli;28;P;Por;0;0;0;92;16;;
6884;Conceicao;;Juventus;23;C;W/A;0;0;0;91;18;;
4359;Piccoli;;Cagliari;24;A;Pc;0;0;0;90;17;;
2428;Sommer;;Inter;37;P;Por;0;0;0;90;16;;
2160;Gosens;;Fiorentina;31;D;E;0;0;0;86;18;;
313;Morata;;Como;33;A;Pc;0;0;0;84;18;;
5876;Di Gregorio;;Juventus;28;P;Por;0;0;0;83;16;;
5841;Svilar;;Roma;26;P;Por;0;0;0;82;15;;
4312;Maignan;;Milan;30;P;Por;0;0;0;81;16;;
608;Zapata D.;;Torino;34;A;Pc;0;0;0;80;20;;
2765;Odgaard;;Bologna;26;C;T/A;0;0;0;78;16;;
2120;Bastoni;;Inter;26;D;Dc;0;0;0;78;16;;
2038;Pinamonti;;Sassuolo;26;A;Pc;0;0;0;73;16;;
647;Dzeko;;Fiorentina;39;A;Pc;0;0;0;71;15;;
4431;Carnesecchi;;Atalanta;25;P;Por;0;0;0;71;14;;
2670;Bailey;;Roma;28;C;W/A;0;0;0;70;16;;
4433;Zortea;;Cagliari;26;D;E;0;0;0;68;16;;
7023;Pellegrino M.;;Parma;24;A;Pc;0;0;0;67;13;;
2369;Thauvin;*;Udinese;32;A;A;0;0;0;64;16;;
5562;Thuram K.;;Juventus;24;C;M/C;0;0;0;63;16;;
5520;Cambiaso;;Juventus;25;D;E;0;0;0;63;15;;
4463;Esposito Se.;;Cagliari;23;A;A;0;0;0;62;7;;
2521;De Gea;;Fiorentina;35;P;Por;0;0;0;62;14;;
5564;Ndoye;*;Bologna;25;C;W;0;0;0;60;19;;
4772;Angelino;;Roma;28;D;E;0;0;0;59;15;;
6646;Adams C.;;Torino;29;A;A;0;0;0;58;14;;
5792;Ederson D.S.;;Atalanta;26;C;M/C;0;0;0;58;15;;
1870;Barella;;Inter;28;C;C;0;0;0;58;14;;
2816;Di Lorenzo;;Napoli;32;D;Dd/E;0;0;0;57;14;;
536;Politano;;Napoli;32;C;W;0;0;0;55;15;;
4220;Zambo Anguissa;;Napoli;30;C;M/C;0;0;0;54;15;;
2814;Provedel;;Lazio;31;P;Por;0;0;0;54;12;;
7128;Kuhn;;Como;25;A;W/A;0;0;0;53;14;;
4887;Bellanova;;Atalanta;25;D;E;0;0;0;52;13;;
7181;Wesley;;Roma;22;D;E;0;0;0;51;14;;
6060;Laurientè;;Sassuolo;27;A;A;0;0;0;50;15;;
554;Zappacosta;;Atalanta;33;D;E;0;0;0;50;13;;
2848;Frattesi;;Inter;26;C;C/T;0;0;0;49;14;;
5620;Tavares N.;;Lazio;25;D;Ds/E;0;0;0;49;12;;
133;Skorupski;;Bologna;34;P;Por;0;0;0;49;10;;
6398;Isaksen;;Lazio;24;C;W/A;0;0;0;48;14;;
5687;Vlasic;;Torino;28;C;T;0;0;0;46;15;;
2489;Pedro;;Lazio;38;A;A;0;0;0;45;13;;
5885;Dodò;;Fiorentina;27;D;E;0;0;0;44;11;;
2788;Bremer;;Juventus;28;D;Dc;0;0;0;44;13;;
2724;Buongiorno;;Napoli;26;D;Dc;0;0;0;44;13;;
5318;Tramoni M.;;Pisa;25;C;W/T;0;0;0;42;12;;
6831;Neres;;Napoli;28;C;W/A;0;0;0;41;13;;
5589;Konè M.;;Roma;24;C;M/C;0;0;0;40;14;;
2606;Modric;;Milan;40;C;C;0;0;0;40;12;;
6046;Hien;;Atalanta;26;D;Dc;0;0;0;40;11;;
4923;Colombo;;Genoa;23;A;Pc;0;0;0;39;12;;
7203;Jashari;;Milan;23;C;C;0;0;0;39;13;;
5685;Koopmeiners;;Juventus;27;C;C/T;0;0;0;39;14;;
6722;Gronbaek;;Genoa;24;C;W/T;0;0;0;37;12;;
4686;Fofana Y.;;Milan;26;C;M/C;0;0;0;37;11;;
5273;Estupinan;;Milan;27;D;Ds/E;0;0;0;37;11;;
7133;Vandeputte;;Cremonese;29;C;W/T;0;0;0;36;12;;
6010;Fazzini;;Fiorentina;22;C;C/T;0;0;0;36;11;;
6164;Vitinha O.;;Genoa;25;A;Pc;0;0;0;35;12;;
5119;Samardzic;;Atalanta;23;C;T;0;0;0;35;12;;
4892;Saelemaekers;;Milan;26;C;E/W;0;0;0;35;12;;
4179;Gonzalez N.;;Juventus;27;A;W/A;0;0;0;34;12;;
5559;Da Cunha;;Como;24;C;C/W/T;0;0;0;33;12;;
5319;Sohm;;Fiorentina;24;C;C;0;0;0;33;12;;
2529;Mkhitaryan;;Inter;36;C;C/T;0;0;0;33;9;;
22;De Roon;;Atalanta;34;C;M/C;0;0;0;33;12;;
6666;Bernabè;;Parma;24;C;C;0;0;0;32;11;;
6629;Dele-Bashiru;;Lazio;24;C;C/T;0;0;0;32;11;;
827;Locatelli;;Juventus;27;C;M/C;0;0;0;32;12;;
4409;Rrahmani;;Napoli;31;D;Dc;0;0;0;32;11;;
2593;Martin;;Genoa;28;D;Ds/E;0;0;0;32;10;;
6966;Butez;;Como;30;P;Por;0;0;0;32;10;;
5877;Carlos Augusto;;Inter;26;D;B/Ds/E;0;0;0;31;10;;
5888;Casadei;;Torino;22;C;C/T;0;0;0;30;12;;
449;Vazquez;;Cremonese;36;C;T/A;0;0;0;30;10;;
6956;Solet;;Udinese;25;D;Dc;0;0;0;30;11;;
2296;Mancini;;Roma;29;D;Dc;0;0;0;30;11;;
7179;Israel;;Torino;25;P;Por;0;0;0;30;9;;
2061;Simeone;;Torino;30;A;Pc;0;0;0;29;8;;
6106;Carboni V.;;Genoa;20;C;T/A;0;0;0;29;11;;
5637;Davis K.;;Udinese;27;A;Pc;0;0;0;28;12;;
5336;Nzola;;Pisa;29;A;Pc;0;0;0;28;12;;
7126;Baturina;;Como;22;C;T;0;0;0;28;9;;
2077;Pasalic;;Atalanta;30;C;C/T;0;0;0;28;9;;
1933;Mandragora;;Fiorentina;28;C;M/C;0;0;0;28;14;;
188;Leali;;Genoa;32;P;Por;0;0;0;28;8;;
6669;Bonny;;Inter;22;A;Pc;0;0;0;27;5;;
6252;Folorunsho;;Cagliari;27;C;C/T;0;0;0;27;9;;
5453;Ricci S.;;Milan;24;C;M/C;0;0;0;27;10;;
788;Freuler;;Bologna;33;C;M/C;0;0;0;27;11;;
5862;Valeri;;Parma;27;D;Ds/E;0;0;0;27;10;;
4436;Cambiaghi;;Bologna;25;A;A;0;0;0;26;11;;
6271;El Aynaoui;;Roma;24;C;M/C;0;0;0;26;9;;
4486;Strefezza;*;Como;28;C;W;0;0;0;26;14;;
530;Pellegrini Lo.;;Roma;29;C;C/T;0;0;0;26;11;;
184;Bernardeschi;;Bologna;31;C;W/A;0;0;0;26;9;;
5840;Olivera;;Napoli;28;D;Ds/E;0;0;0;26;10;;
4317;N'Dicka;;Roma;26;D;Dc;0;0;0;26;10;;
513;Acerbi;;Inter;37;D;Dc;0;0;0;26;9;;
4427;Malinovskyi;;Genoa;32;C;C/T;0;0;0;25;8;;
6202;Beukema;;Napoli;27;D;Dc;0;0;0;25;10;;
4751;Tomori;;Milan;28;D;Dc;0;0;0;25;8;;
7183;Aboukhlal;;Torino;25;A;A;0;0;0;24;9;;
6895;Dominguez B.;;Bologna;22;A;W/A;0;0;0;24;9;;
6159;Sarr A.;;Verona;24;A;A;0;0;0;24;8;;
7070;Sucic P.;;Inter;22;C;C;0;0;0;24;9;;
5998;Zerbin;;Cremonese;26;C;E/W;0;0;0;24;3;;
5872;Helgason;;Lecce;25;C;C/T;0;0;0;24;8;;
5850;Lovric;;Udinese;27;C;C;0;0;0;24;9;;
5844;Thorstvedt;;Sassuolo;26;C;C/T;0;0;0;24;8;;
5036;Caqueret;;Como;25;C;C/T;0;0;0;24;12;;
4896;Maldini;;Atalanta;24;C;T/A;0;0;0;24;9;;
4465;Fagioli;;Fiorentina;24;C;C;0;0;0;24;8;;
5526;Scalvini;;Atalanta;22;D;Dc;0;0;0;24;8;;
4976;Kalulu;;Juventus;25;D;Dd/Dc;0;0;0;24;9;;
4734;Miranda J.;;Bologna;25;D;Ds/E;0;0;0;24;9;;
6145;Ngonge;;Torino;25;A;A;0;0;0;23;9;;
7132;Collocolo;;Cremonese;26;C;M/C;0;0;0;23;8;;
6889;Anjorin;;Torino;24;C;C/T;0;0;0;23;10;;
5858;Ferguson;;Bologna;26;C;C/T;0;0;0;23;11;;
4947;Brescianini;;Atalanta;25;C;C/T;0;0;0;23;8;;
4287;Lobotka;;Napoli;31;C;M/C;0;0;0;23;9;;
4186;Guendouzi;;Lazio;26;C;C;0;0;0;23;11;;
779;Cristante;;Roma;30;C;M/C;0;0;0;23;9;;
4177;Pavard;;Inter;29;D;Dd/Dc;0;0;0;23;8;;
2188;Marusic;;Lazio;33;D;Dd/Ds/E;0;0;0;23;8;;
252;Biraghi;;Torino;33;D;Ds/E;0;0;0;23;8;;
6519;Camarda;;Lecce;17;A;Pc;0;0;0;22;12;;
5512;De Luca;;Cremonese;27;A;Pc;0;0;0;22;8;;
5297;Luvumbo;;Cagliari;23;A;A;0;0;0;22;12;;
6684;Ekkelenkamp;;Udinese;25;C;C/T;0;0;0;22;10;;
5298;Pobega;;Bologna;26;C;M/C;0;0;0;22;8;;
4459;Rovella;;Lazio;24;C;M/C;0;0;0;22;8;;
2839;Sottil;;Lecce;26;C;W/A;0;0;0;22;11;;
5578;Kossounou;;Atalanta;24;D;Dd/Dc;0;0;0;22;9;;
460;Romagnoli;;Lazio;30;D;Dc;0;0;0;22;8;;
6653;Bravo;;Udinese;20;A;A;0;0;0;21;6;;
5471;Djuric;;Parma;35;A;Pc;0;0;0;21;9;;
7135;Stanciu;;Genoa;32;C;C/T;0;0;0;21;8;;
5791;Frendrup;;Genoa;24;C;M/C;0;0;0;21;9;;
6664;Delprato;;Parma;26;D;B/Dd/E;0;0;0;21;8;;
6217;Bisseck;;Inter;25;D;Dc;0;0;0;21;9;;
6042;Lucumì;;Bologna;27;D;Dc;0;0;0;21;8;;
5678;Holm;;Bologna;25;D;Dd/E;0;0;0;21;8;;
5427;Gutierrez;;Napoli;24;D;Ds/E;0;0;0;21;8;;
5022;Pavlovic;;Milan;24;D;Dc;0;0;0;21;7;;
4210;Mina;;Cagliari;31;D;Dc;0;0;0;21;7;;
7017;Douvikas;;Como;26;A;Pc;0;0;0;20;8;;
5918;Sulemana K.;;Atalanta;23;A;A;0;0;0;20;9;;
6549;Pierotti;;Lecce;24;C;W/A;0;0;0;20;10;;
5833;Gila;;Lazio;25;D;Dc;0;0;0;20;9;;
5514;Vasquez;;Genoa;27;D;Ds/Dc;0;0;0;20;9;;
322;De Vrij;;Inter;33;D;Dc;0;0;0;20;9;;
7127;Addai;;Como;20;A;W/A;0;0;0;19;7;;
6634;Tete Morente;;Lecce;29;C;W;0;0;0;19;9;;
6151;Perrone;;Como;22;C;M/C;0;0;0;19;8;;
795;El Shaarawy;;Roma;33;C;W;0;0;0;19;8;;
6632;Gaspar K.;;Lecce;28;D;Dc;0;0;0;19;8;;
5555;Kamara H.;;Udinese;31;D;Ds/E;0;0;0;19;7;;
4385;Lazaro;;Torino;29;D;Dd/E;0;0;0;19;7;;
5992;Bondo;;Cremonese;22;C;M/C;0;0;0;18;3;;
4973;McKennie;;Juventus;27;C;M/C;0;0;0;18;10;;
4970;Messias;;Genoa;34;C;C/W;0;0;0;18;8;;
4423;Hernani;;Parma;31;C;C;0;0;0;18;7;;
7175;Joao Mario;;Juventus;25;D;E;0;0;0;18;8;;
7068;Vitik;;Bologna;22;D;Dc;0;0;0;18;8;;
6531;Jimenez A.;;Milan;20;D;Dd/Ds/E;0;0;0;18;5;;
5835;Baschirotto;;Cremonese;29;D;Dc;0;0;0;18;8;;
4657;Celik;;Roma;28;D;B/Dd/E;0;0;0;18;7;;
393;Luperto;;Cagliari;29;D;Dc;0;0;0;18;7;;
4360;Caprile;;Cagliari;24;P;Por;0;0;0;18;7;;
2155;Cutrone;;Como;27;A;Pc;0;0;0;17;10;;
6206;Fabbian;;Bologna;22;C;C/T;0;0;0;17;10;;
6672;Idzes;;Sassuolo;25;D;Dc;0;0;0;17;7;;
6495;Comuzzo;;Fiorentina;20;D;Dc;0;0;0;17;7;;
6480;Tchatchoua;*;Verona;24;D;Dd/E;0;0;0;17;8;;
5851;Doig;;Sassuolo;23;D;Ds/E;0;0;0;17;6;;
5739;De Winter;;Milan;23;D;Dd/Dc;0;0;0;17;8;;
5010;Ismajli;;Torino;29;D;Dc;0;0;0;17;8;;
2640;Kolasinac;;Atalanta;32;D;B/Ds/E;0;0;0;17;7;;
6462;Okoye;;Udinese;26;P;Por;0;0;0;17;6;;
7213;Frigan;;Parma;22;A;Pc;0;0;0;16;7;;
6229;Tourè E.;;Atalanta;24;A;Pc;0;0;0;16;7;;
6908;Atta;;Udinese;22;C;C;0;0;0;16;6;;
5823;Baldanzi;;Roma;22;C;T/A;0;0;0;16;8;;
4199;Loftus-Cheek;;Milan;29;C;C/T;0;0;0;16;8;;
4904;Marì;;Fiorentina;32;D;Dc;0;0;0;16;7;;
4401;Gabbia;;Milan;26;D;Dc;0;0;0;16;6;;
4378;Ranieri L.;;Fiorentina;26;D;Ds/Dc;0;0;0;16;7;;
5455;Moreo;;Pisa;32;A;A;0;0;0;15;5;;
6984;Ondrejka;;Parma;23;C;W/A;0;0;0;15;13;;
6190;Pisilli;;Roma;21;C;C;0;0;0;15;7;;
5393;Man;*;Parma;27;C;W/A;0;0;0;15;11;;
6893;Kempf;;Como;30;D;Dc;0;0;0;15;5;;
6047;Ehizibue;;Udinese;30;D;Dd/E;0;0;0;15;5;;
4502;Gallo;;Lecce;25;D;Ds/E;0;0;0;15;5;;
787;Djimsiti;;Atalanta;32;D;Dc;0;0;0;15;8;;
6641;Suzuki;;Parma;23;P;Por;0;0;0;15;7;;
7129;Rodriguez Je.;;Como;20;A;W/A;0;0;0;14;5;;
6630;Mosquera;;Verona;26;A;Pc;0;0;0;14;6;;
4371;Raspadori;*;Napoli;25;A;A;0;0;0;14;13;;
7209;Sorensen O.;;Parma;23;C;C;0;0;0;14;6;;
6717;Konè I.;;Sassuolo;23;C;M/C;0;0;0;14;6;;
6680;Karlstrom;;Udinese;30;C;M/C;0;0;0;14;6;;
6486;Suslov;;Verona;23;C;W/T;0;0;0;14;9;;
5784;Aebischer;;Pisa;28;C;C;0;0;0;14;4;;
5688;Harroui;;Verona;27;C;W/T;0;0;0;14;7;;
5504;Coulibaly L.;;Lecce;29;C;M/C;0;0;0;14;7;;
5301;Luis Henrique;;Inter;24;C;E/W;0;0;0;14;7;;
4870;Adopo;;Cagliari;25;C;M/C;0;0;0;14;5;;
181;Vecino;;Lazio;34;C;M/C;0;0;0;14;6;;
7211;Athekame;;Milan;21;D;Dd/E;0;0;0;14;6;;
7143;Angori;;Pisa;22;D;Ds/E;0;0;0;14;5;;
6986;Rensch;;Roma;22;D;B/Dd/E;0;0;0;14;5;;
6985;Candè;;Sassuolo;27;D;Ds/Dc;0;0;0;14;6;;
6766;Kelly L.;;Juventus;27;D;Ds/Dc;0;0;0;14;7;;
6642;Coco;;Torino;26;D;Dc;0;0;0;14;8;;
2525;Darmian;;Inter;36;D;B/Dd/E;0;0;0;14;4;;
2134;Falcone;;Lecce;30;P;Por;0;0;0;14;6;;
7071;Esposito F.P.;;Inter;20;A;Pc;0;0;0;13;7;;
6836;Meister;;Pisa;22;A;Pc;0;0;0;13;2;;
6643;Dallinga;;Bologna;25;A;Pc;0;0;0;13;10;;
6409;Beltran L.;;Fiorentina;24;A;A;0;0;0;13;7;;
6815;Fadera;;Sassuolo;24;C;W;0;0;0;13;6;;
6640;Felici;;Cagliari;24;C;W;0;0;0;13;6;;
6593;Akinsanmiro;;Pisa;21;C;C/T;0;0;0;13;3;;
6219;Boloca;;Sassuolo;27;C;M/C;0;0;0;13;6;;
6020;Ellertsson;;Genoa;23;C;C/W;0;0;0;13;5;;
5735;Volpato;;Sassuolo;22;C;W/T;0;0;0;13;5;;
6887;Leoni;*;Parma;19;D;Dc;0;0;0;13;7;;
6869;Ramon;;Como;20;D;Dc;0;0;0;13;4;;
6867;Valle;;Como;21;D;Ds/E;0;0;0;13;6;;
5831;Gatti;;Juventus;27;D;Dc;0;0;0;13;8;;
5750;Ostigard;;Genoa;26;D;Dc;0;0;0;13;5;;
4665;Maripan;;Torino;31;D;Dc;0;0;0;13;7;;
4461;Zappa;;Cagliari;26;D;B/Dd/E;0;0;0;13;6;;
770;Pezzella Giu.;;Cremonese;28;D;Ds/E;0;0;0;13;5;;
697;Cuadrado;;Pisa;37;D;E;0;0;0;13;7;;
4867;Turati;;Sassuolo;24;P;Por;0;0;0;13;7;;
7199;Kilicsoy;;Cagliari;20;A;A;0;0;0;12;6;;
7162;Giovane;;Verona;22;A;A;0;0;0;12;1;;
5496;Johnsen;;Cremonese;27;A;A;0;0;0;12;7;;
7198;Piotrowski;;Udinese;28;C;C;0;0;0;12;6;;
6633;Pierret;;Lecce;25;C;M/C;0;0;0;12;6;;
6458;Serdar;;Verona;28;C;C;0;0;0;12;5;;
5131;Gilmour;;Napoli;24;C;M/C;0;0;0;12;7;;
5007;Ilic;;Torino;24;C;C;0;0;0;12;7;;
4404;Thorsby;;Genoa;29;C;C/T;0;0;0;12;5;;
4364;Gaetano;;Cagliari;25;C;T;0;0;0;12;8;;
152;Zielinski;;Inter;31;C;C/T;0;0;0;12;4;;
7155;Muharemovic;;Sassuolo;22;D;Dc;0;0;0;12;5;;
6916;Ahanor;;Atalanta;17;D;B/Ds/E;0;0;0;12;6;;
6485;Kristensen T.;;Udinese;23;D;Dd/Dc;0;0;0;12;5;;
6066;Posch;;Bologna;28;D;Dd/Dc;0;0;0;12;5;;
2653;Lykogiannis;;Bologna;32;D;Ds/E;0;0;0;12;5;;
487;De Silvestri;;Bologna;37;D;Dd/E;0;0;0;12;4;;
6482;Mandas;;Lazio;24;P;Por;0;0;0;12;3;;
761;Audero;;Cremonese;28;P;Por;0;0;0;12;5;;
7161;Bayo V.;;Udinese;28;A;Pc;0;0;0;11;4;;
6207;Almqvist;;Parma;26;A;W/A;0;0;0;11;4;;
7146;Tourè I.;;Pisa;27;C;E/M;0;0;0;11;6;;
6424;Prati;;Cagliari;22;C;M/C;0;0;0;11;3;;
6394;Ramadani;;Lecce;29;C;M/C;0;0;0;11;6;;
6170;Gineitis;;Torino;21;C;C;0;0;0;11;5;;
4930;Ghion;;Sassuolo;25;C;M/C;0;0;0;11;4;;
4890;Tameze;;Torino;31;C;M/C;0;0;0;11;5;;
4856;Chukwueze;;Milan;26;C;W;0;0;0;11;4;;
1976;Mazzitelli;;Cagliari;30;C;M/C;0;0;0;11;5;;
1871;Deiola;;Cagliari;30;C;M/C;0;0;0;11;5;;
7212;Heggem;;Bologna;26;D;Ds/Dc;0;0;0;11;4;;
7131;Floriani Mussolini;;Cremonese;22;D;Dd/E;0;0;0;11;5;;
6663;Circati;;Parma;22;D;Dc;0;0;0;11;5;;
6230;Dossena;;Como;27;D;Dc;0;0;0;11;4;;
5820;Bertola;;Udinese;22;D;Dc;0;0;0;11;6;;
5603;Pongracic;;Fiorentina;28;D;Dc;0;0;0;11;5;;
5449;Parisi;;Fiorentina;25;D;E;0;0;0;11;5;;
4374;Walukiewicz;;Sassuolo;25;D;Dd/Dc;0;0;0;11;5;;
2263;Lazzari;;Lazio;32;D;Dd/E;0;0;0;11;4;;
1891;Ceccherini;;Cremonese;33;D;Dd/Dc;0;0;0;11;4;;
791;Sabelli;;Genoa;32;D;Dd/Ds/E;0;0;0;11;5;;
2170;Milinkovic-Savic V.;;Napoli;28;P;Por;0;0;0;11;4;;
6243;Borrelli;;Cagliari;25;A;Pc;0;0;0;10;5;;
6205;Mulattieri;;Sassuolo;25;A;Pc;0;0;0;10;5;;
2475;Sanchez;;Udinese;37;A;A;0;0;0;10;7;;
479;Sanabria;;Torino;29;A;Pc;0;0;0;10;7;;
7208;Miller L.;;Udinese;19;C;M/C;0;0;0;10;3;;
7028;Bernede;;Verona;26;C;C;0;0;0;10;4;;
6980;Venturino;;Genoa;19;C;W;0;0;0;10;3;;
6917;Masini;;Genoa;24;C;M/C;0;0;0;10;5;;
6898;Keita M.;;Parma;23;C;M/C;0;0;0;10;6;;
6481;Payero;;Udinese;27;C;C;0;0;0;10;4;;
6024;Sulemana I.;;Atalanta;22;C;M/C;0;0;0;10;4;;
5540;Niasse;;Verona;25;C;M/C;0;0;0;10;3;;
5422;Zalewski;;Atalanta;23;C;E/W;0;0;0;10;6;;
2117;Kastanos;;Verona;27;C;C/T;0;0;0;10;4;;
7202;Ndiaye;;Parma;23;D;Dc;0;0;0;10;4;;
7136;Kouassi;;Lecce;22;D;Dd/Dc;0;0;0;10;4;;
6894;Unai Nunez;;Verona;28;D;Dc;0;0;0;10;5;;
6631;Ghilardi;;Roma;22;D;Dc;0;0;0;10;4;;
6537;Goglichidze;;Udinese;21;D;Dd/Dc;0;0;0;10;4;;
6039;Cabal;;Juventus;24;D;B/Ds/E;0;0;0;10;5;;
5701;Obert;;Cagliari;23;D;Ds/Dc;0;0;0;10;4;;
4994;Vojvoda;;Como;30;D;Dd/E;0;0;0;10;6;;
1852;Spinazzola;;Napoli;32;D;Ds/E;0;0;0;10;7;;
4957;Montipò;;Verona;29;P;Por;0;0;0;10;5;;
6556;Noslin;;Lazio;26;A;A;0;0;0;9;7;;
1842;Pierini;;Sassuolo;27;A;A;0;0;0;9;5;;
7145;Piccinini G.;;Pisa;24;C;E/M;0;0;0;9;6;;
7138;Ordonez C.;;Parma;21;C;M/C;0;0;0;9;5;;
5813;Miretti;;Juventus;22;C;C/T;0;0;0;9;5;;
5719;Asllani;;Inter;23;C;M/C;0;0;0;9;4;;
5295;Musah;;Milan;23;C;C/W;0;0;0;9;6;;
2274;Valoti;;Cremonese;32;C;C/T;0;0;0;9;7;;
27;Grassi;;Cremonese;30;C;M/C;0;0;0;9;4;;
7130;Folino;;Cremonese;23;D;Dc;0;0;0;9;4;;
7020;Salah-Eddine;;Roma;23;D;E;0;0;0;9;4;;
6957;Valentini N.;;Verona;24;D;Dc;0;0;0;9;4;;
6809;Marianucci;;Napoli;21;D;Dc;0;0;0;9;3;;
6802;Savona;;Juventus;22;D;B/Dd/E;0;0;0;9;3;;
6639;Frese;;Verona;27;D;Ds/E;0;0;0;9;3;;
6426;Pedersen;;Torino;25;D;Dd/E;0;0;0;9;4;;
5718;Viti;;Fiorentina;23;D;Dc;0;0;0;9;4;;
5307;Valenti;;Parma;26;D;Dc;0;0;0;9;4;;
2279;Romagna;;Sassuolo;28;D;Dc;0;0;0;9;4;;
2722;Ravaglia F.;;Bologna;26;P;Por;0;0;0;9;3;;
7153;Lind;;Pisa;23;A;Pc;0;0;0;8;4;;
7001;N'Dri;;Lecce;25;A;W/A;0;0;0;8;5;;
6644;Rocha Livramento;;Verona;24;A;Pc;0;0;0;8;3;;
6213;Brenner;;Udinese;25;A;A;0;0;0;8;3;;
6001;Banda;;Lecce;24;A;W/A;0;0;0;8;5;;
7149;Marin M.;;Pisa;27;C;M/C;0;0;0;8;6;;
6804;Richardson;;Fiorentina;23;C;M/C;0;0;0;8;4;;
4284;Sergi Roberto;;Como;33;C;M/C;0;0;0;8;4;;
7154;Odenthal;;Sassuolo;25;D;Dc;0;0;0;8;3;;
7139;Canestrelli;;Pisa;25;D;Dc;0;0;0;8;3;;
6896;Van Der Brempt;;Como;23;D;Dd/E;0;0;0;8;4;;
6832;Palestra;;Atalanta;20;D;E;0;0;0;8;3;;
6211;Zemura;;Udinese;26;D;Ds/E;0;0;0;8;3;;
6055;Thiaw;*;Milan;24;D;Dc;0;0;0;8;4;;
6013;Barbieri;;Cremonese;23;D;Dd/Ds/E;0;0;0;8;3;;
5994;Ebosse;;Verona;26;D;Ds/Dc;0;0;0;8;4;;
5532;Bradaric;;Verona;26;D;Ds/E;0;0;0;8;4;;
5527;Zanoli;;Napoli;25;D;Dd/E;0;0;0;8;3;;
5498;Casale;;Bologna;27;D;Dc;0;0;0;8;4;;
4807;Hermoso;;Roma;30;D;Dc;0;0;0;8;3;;
2745;Calabresi;;Pisa;29;D;B/Dd/E;0;0;0;8;3;;
2728;Pellegrini Lu.;;Lazio;26;D;Ds/E;0;0;0;8;3;;
2273;Caracciolo A.;;Pisa;35;D;Dc;0;0;0;8;4;;
49;Masina;;Torino;31;D;B/Ds/E;0;0;0;8;3;;
6842;Sava;;Udinese;23;P;Por;0;0;0;8;4;;
6459;Karlsson;;Bologna;27;A;W/A;0;0;0;7;3;;
5515;Okereke;;Cremonese;28;A;A;0;0;0;7;5;;
7157;Iannoni;;Sassuolo;24;C;C;0;0;0;7;1;;
6246;Lipani;;Sassuolo;20;C;M/C;0;0;0;7;4;;
6225;El Azzouzi;*;Bologna;24;C;M/C;0;0;0;7;3;;
6222;Rafia;;Lecce;26;C;C/T;0;0;0;7;3;;
6054;Moro N.;;Bologna;27;C;M/C;0;0;0;7;3;;
6015;Berisha M.;;Lecce;22;C;C/T;0;0;0;7;3;;
4711;Kostic;;Juventus;33;C;E/W;0;0;0;7;4;;
333;Cataldi;;Lazio;31;C;M/C;0;0;0;7;5;;
7220;Belghali;;Verona;23;D;Dd/E;0;0;0;7;4;;
7125;Idrissi R.;;Cagliari;20;D;Ds/E;0;0;0;7;3;;
6814;Norton-Cuffy;;Genoa;21;D;Dd/E;0;0;0;7;3;;
6533;Giannetti L.;*;Udinese;32;D;Dc;0;0;0;7;3;;
6411;Mateus Lusuardi;;Pisa;21;D;Dc;0;0;0;7;4;;
6231;Azzi;*;Cremonese;31;D;Ds/E;0;0;0;7;3;;
5899;Gigot;;Lazio;32;D;Dc;0;0;0;7;4;;
5435;Moreno Alb.;;Como;33;D;Ds/E;0;0;0;7;3;;
5353;Balogh;;Parma;23;D;Dc;0;0;0;7;3;;
4982;Erlic;*;Bologna;27;D;Dc;0;0;0;7;3;;
327;Patric;;Lazio;32;D;Dd/Dc;0;0;0;7;4;;
2861;Semper;;Pisa;27;P;Por;0;0;0;7;3;;
5500;Cancellieri;;Lazio;23;A;W/A;0;0;0;6;3;;
7165;Liteta;;Cagliari;19;C;M/C;0;0;0;6;1;;
6212;Zarraga;;Udinese;26;C;M/C;0;0;0;6;2;;
5824;Pafundi;;Udinese;19;C;T/A;0;0;0;6;1;;
5457;Maleh;;Lecce;27;C;M/C;0;0;0;6;6;;
4911;Douglas Luiz;;Juventus;27;C;C;0;0;0;6;3;;
6900;Rui Modesto;;Udinese;26;D;E;0;0;0;6;3;;
4263;Kabasele;;Udinese;34;D;Dc;0;0;0;6;3;;
418;Goldaniga;;Como;32;D;Dc;0;0;0;6;4;;
140;Hysaj;;Lazio;31;D;Dd/Ds/E;0;0;0;6;3;;
4236;Muric;;Sassuolo;27;P;Por;0;0;0;6;3;;
7027;Azon;;Como;23;A;Pc;0;0;0;5;1;;
6628;Taremi;;Inter;33;A;Pc;0;0;0;5;4;;
6227;Okafor;;Milan;25;A;A;0;0;0;5;4;;
5506;Ekuban;;Genoa;31;A;A;0;0;0;5;2;;
2012;Milik;;Juventus;31;A;Pc;0;0;0;5;1;;
6191;Belahyane;;Lazio;21;C;M/C;0;0;0;5;4;;
5863;Castagnetti;;Cremonese;36;C;M/C;0;0;0;5;3;;
4662;Weah;*;Juventus;25;C;E/W;0;0;0;5;7;;
2842;Zanimacchia;*;Cremonese;27;C;W;0;0;0;5;5;;
7069;Fortini;;Fiorentina;19;D;E;0;0;0;5;3;;
7014;Smolcic I.;;Como;25;D;Dd/Dc;0;0;0;5;2;;
7012;Provstgaard;;Lazio;22;D;Dc;0;0;0;5;3;;
7011;Slotsager;;Verona;19;D;Dc;0;0;0;5;2;;
6821;Hainaut;*;Parma;23;D;Dd/E;0;0;0;5;2;;
6496;Bartesaghi;;Milan;20;D;Ds/E;0;0;0;5;3;;
6444;Bonfanti;;Atalanta;22;D;Dc;0;0;0;5;2;;
6431;Paz Y.;;Sassuolo;23;D;Dd/E;0;0;0;5;1;;
6245;Vogliacco;;Genoa;27;D;Dd/Dc;0;0;0;5;3;;
6189;Missori;;Sassuolo;21;D;Dd/E;0;0;0;5;2;;
6041;Schuurs;;Torino;26;D;Dc;0;0;0;5;3;;
5481;Mazzocchi;;Napoli;30;D;Dd/Ds/E;0;0;0;5;3;;
4495;Kumbulla;*;Roma;25;D;Dc;0;0;0;5;2;;
294;Rugani;;Juventus;31;D;Dc;0;0;0;5;3;;
256;Juan Jesus;;Napoli;34;D;Ds/Dc;0;0;0;5;3;;
5116;Martinez Jo.;;Inter;27;P;Por;0;0;0;5;2;;
574;Scuffet;;Pisa;29;P;Por;0;0;0;5;3;;
6667;Benedyczak;;Parma;25;A;A;0;0;0;4;1;;
5845;Alvarez A.;;Sassuolo;24;A;Pc;0;0;0;4;2;;
6294;Ndour;;Fiorentina;21;C;M/C;0;0;0;4;2;;
5788;Sabiri;;Fiorentina;29;C;T;0;0;0;4;2;;
7196;Denoon;;Pisa;21;D;Dc;0;0;0;4;2;;
7156;Pieragnolo;;Sassuolo;22;D;Ds/E;0;0;0;4;2;;
7140;Coppola F.;;Pisa;20;D;Dc;0;0;0;4;1;;
6992;Oyegoke;;Verona;22;D;B/Dd/E;0;0;0;4;2;;
6965;Lovik;;Parma;22;D;Ds/E;0;0;0;4;2;;
6944;Jack;;Como;19;D;Ds/Dc;0;0;0;4;2;;
6803;Rouhi;;Juventus;21;D;Ds/E;0;0;0;4;1;;
5406;Di Pardo;;Cagliari;26;D;Dd/E;0;0;0;4;2;;
612;Bianchetti;;Cremonese;32;D;Dc;0;0;0;4;3;;
7134;Nasti;*;Cremonese;22;A;Pc;0;0;0;3;1;;
6822;Ekhator;;Genoa;19;A;A;0;0;0;3;1;;
6635;Pizarro;;Udinese;20;A;Pc;0;0;0;3;1;;
247;Pavoletti;;Cagliari;37;A;Pc;0;0;0;3;1;;
6676;Engelhardt;;Como;24;C;M/C;0;0;0;3;2;;
5857;Pickel;;Cremonese;28;C;M/C;0;0;0;3;2;;
5290;Estevez;;Parma;30;C;M/C;0;0;0;3;2;;
2334;Leris;;Pisa;27;C;W;0;0;0;3;2;;
7141;Rus;;Pisa;29;D;Dd/Dc;0;0;0;3;2;;
6977;Otoa;;Genoa;21;D;Dc;0;0;0;3;2;;
6925;Palma;;Udinese;17;D;Dc;0;0;0;3;1;;
6883;Jean;;Lecce;25;D;Dc;0;0;0;3;3;;
6826;Dembelè A.;;Torino;21;D;Dd/E;0;0;0;3;1;;
5860;Ravanelli;*;Cremonese;28;D;Dc;0;0;0;3;2;;
5812;Terracciano F.;;Cremonese;22;D;Dd/Ds/E;0;0;0;3;2;;
7152;Bonfanti N.;;Pisa;23;A;Pc;0;0;0;2;1;;
7177;Santiago;;Verona;21;C;C;0;0;0;2;2;;
7147;Hojholt;;Pisa;24;C;M/C;0;0;0;2;1;;
6645;Marchwinski;;Lecce;23;C;T;0;0;0;2;1;;
6410;Kaba;;Lecce;24;C;M/C;0;0;0;2;1;;
5516;Bianco;;Fiorentina;23;C;M/C;0;0;0;2;1;;
7182;Ndaba;;Lecce;26;D;Ds/E;0;0;0;2;1;;
7170;Mbambi;;Pisa;17;D;Dc;0;0;0;2;1;;
7142;Esteves T.;;Pisa;23;D;Dd/E;0;0;0;2;1;;
6990;Veiga D.;;Lecce;23;D;Dd/E;0;0;0;2;1;;
6989;Tiago Gabriel;;Lecce;21;D;Dc;0;0;0;2;1;;
6660;Marcandalli;;Genoa;23;D;Dc;0;0;0;2;3;;
6551;Ilic M.;;Bologna;22;D;Dc;0;0;0;2;1;;
6464;Wieteska;*;Cagliari;28;D;Dc;0;0;0;2;1;;
5891;Quagliata;*;Cremonese;25;D;Ds/E;0;0;0;2;1;;
2847;Sernicola;;Cremonese;28;D;Dd/Ds/E;0;0;0;2;1;;
218;Perin;;Juventus;33;P;Por;0;0;0;2;1;;
7171;Buffon L.;;Pisa;18;A;A;0;0;0;1;1;;
7159;Skjellerup;;Sassuolo;23;A;Pc;0;0;0;1;1;;
7158;Moro L.;;Sassuolo;24;A;Pc;0;0;0;1;1;;
6827;Njie;;Torino;20;A;A;0;0;0;1;1;;
6657;Gabrielloni;;Como;31;A;Pc;0;0;0;1;1;;
505;Bonazzoli;;Cremonese;28;A;A;0;0;0;1;1;;
7151;Arena;;Pisa;25;C;W/T;0;0;0;1;1;;
7150;Vural;;Pisa;19;C;C;0;0;0;1;3;;
6678;Liberali;*;Milan;18;C;W/T;0;0;0;1;1;;
6677;Adzic;;Juventus;19;C;C/T;0;0;0;1;1;;
6656;Braunoder;*;Como;23;C;M/C;0;0;0;1;1;;
6618;Cissè A.;*;Verona;19;C;W/T;0;0;0;1;1;;
6005;Ilkhan;;Torino;21;C;C/T;0;0;0;1;1;;
5674;Basic;;Lazio;29;C;C;0;0;0;1;1;;
2553;Alli;;Como;29;C;T;0;0;0;1;1;;
2076;Rog;;Cagliari;30;C;M/C;0;0;0;1;1;;
7164;Perez M.;;Lecce;20;D;Dd/Dc;0;0;0;1;1;;
6885;Abdulhamid;*;Roma;26;D;Dd/E;0;0;0;1;1;;
6636;Veroli;;Cagliari;22;D;Ds/Dc;0;0;0;1;1;;
5324;Godfrey;;Atalanta;27;D;B/Dd/Ds;0;0;0;1;1;;
7185;Nunziante;;Udinese;18;P;Por;0;0;0;1;1;;
7172;Pessina Mas.;;Bologna;18;P;Por;0;0;0;1;1;;
7169;Zelezny;;Roma;19;P;Por;0;0;0;1;1;;
6991;Siegrist;;Genoa;33;P;Por;0;0;0;1;1;;
6813;Torriani;;Milan;20;P;Por;0;0;0;1;1;;
6662;Corvi;;Parma;24;P;Por;0;0;0;1;1;;
6523;Samooja;;Lecce;22;P;Por;0;0;0;1;1;;
6505;Nava;;Cremonese;21;P;Por;0;0;0;1;1;;
6417;Furlanetto;;Lazio;23;P;Por;0;0;0;1;1;;
6403;Christensen O.;*;Fiorentina;26;P;Por;0;0;0;1;1;;
6210;Popa;;Torino;25;P;Por;0;0;0;1;1;;
6184;Martinelli T.;;Fiorentina;19;P;Por;0;0;0;1;1;;
6125;Vasquez D.;;Roma;27;P;Por;0;0;0;1;1;;
5338;Rinaldi;;Parma;23;P;Por;0;0;0;1;1;;
5320;Paleari;;Torino;33;P;Por;0;0;0;1;1;;
4929;Ciocci;;Cagliari;23;P;Por;0;0;0;1;1;;
4518;Russo A.;;Sassuolo;24;P;Por;0;0;0;1;1;;
2845;Contini;;Napoli;29;P;Por;0;0;0;1;1;;
2815;Terracciano;;Milan;35;P;Por;0;0;0;1;1;;
2809;Vigorito;;Como;35;P;Por;0;0;0;1;1;;
2401;Fruchtl;;Lecce;25;P;Por;0;0;0;1;1;;
2297;Rossi F.;;Atalanta;34;P;Por;0;0;0;1;1;;
2271;Nicolas;;Pisa;37;P;Por;0;0;0;1;1;;
2211;Silvestri;;Cremonese;34;P;Por;0;0;0;1;1;;
2127;Satalino;;Sassuolo;26;P;Por;0;0;0;1;1;;
1930;Pinsoglio;;Juventus;35;P;Por;0;0;0;1;1;;
1926;Di Gennaro;;Inter;32;P;Por;0;0;0;1;1;;
610;Gollini;;Roma;30;P;Por;0;0;0;1;1;;
543;Padelli;;Udinese;40;P;Por;0;0;0;1;1;;
511;Perilli;;Verona;30;P;Por;0;0;0;1;1;;
219;Sommariva;;Genoa;28;P;Por;0;0;0;1;1;;
216;Donnarumma An.;*;Torino;35;P;Por;0;0;0;1;1;;
158;Lezzerini;;Fiorentina;30;P;Por;0;0;0;1;1;;
4;Sportiello;;Atalanta;33;P;Por;0;0;0;1;1;;
3;Radunovic;;Cagliari;29;P;Por;0;0;0;1;1;;
